20195002,https://movie.naver.com/movie/bi/mi/basic.nhn?code=189053
20181434,https://movie.naver.com/movie/bi/mi/basic.nhn?code=179159
20191029,https://movie.naver.com/movie/bi/mi/basic.nhn?code=179482
20192083,https://movie.naver.com/movie/bi/mi/basic.nhn?code=167605
20197279,https://movie.naver.com/movie/bi/mi/basic.nhn?code=184357
20197721,https://movie.naver.com/movie/bi/mi/basic.nhn?code=163831
20198421,https://movie.naver.com/movie/bi/mi/basic.nhn?code=74407
20190280,https://movie.naver.com/movie/bi/mi/basic.nhn?code=181114
20196284,https://movie.naver.com/movie/bi/mi/basic.nhn?code=182387
20196760,https://movie.naver.com/movie/bi/mi/basic.nhn?code=189071
20193801,https://movie.naver.com/movie/bi/mi/basic.nhn?code=185912
20191589,https://movie.naver.com/movie/bi/mi/basic.nhn?code=167635
20199950,https://movie.naver.com/movie/bi/mi/basic.nhn?code=167613
20195920,https://movie.naver.com/movie/bi/mi/basic.nhn?code=182205
20192589,https://movie.naver.com/movie/bi/mi/basic.nhn?code=186367
20198184,https://movie.naver.com/movie/bi/mi/basic.nhn?code=189035
20197054,https://movie.naver.com/movie/bi/mi/basic.nhn?code=189140
20197392,https://movie.naver.com/movie/bi/mi/basic.nhn?code=187548
20196136,https://movie.naver.com/movie/bi/mi/basic.nhn?code=129282
20184483,https://movie.naver.com/movie/bi/mi/basic.nhn?code=180390
20197394,https://movie.naver.com/movie/bi/mi/basic.nhn?code=186349
20198961,https://movie.naver.com/movie/bi/mi/basic.nhn?code=187526
20185361,https://movie.naver.com/movie/bi/mi/basic.nhn?code=175404
20191183,https://movie.naver.com/movie/bi/mi/basic.nhn?code=172764
20194223,https://movie.naver.com/movie/bi/mi/basic.nhn?code=187787
20197402,https://movie.naver.com/movie/bi/mi/basic.nhn?code=182704
20197141,https://movie.naver.com/movie/bi/mi/basic.nhn?code=180024
20183407,https://movie.naver.com/movie/bi/mi/basic.nhn?code=180402
20193601,https://movie.naver.com/movie/bi/mi/basic.nhn?code=159806
20197691,https://movie.naver.com/movie/bi/mi/basic.nhn?code=181692
20195941,https://movie.naver.com/movie/bi/mi/basic.nhn?code=187508
20196380,https://movie.naver.com/movie/bi/mi/basic.nhn?code=164160
20184243,https://movie.naver.com/movie/bi/mi/basic.nhn?code=174797
20199446,https://movie.naver.com/movie/bi/mi/basic.nhn?code=172836
20194456,https://movie.naver.com/movie/bi/mi/basic.nhn?code=187629
20188750,https://movie.naver.com/movie/bi/mi/basic.nhn?code=177909
20193665,https://movie.naver.com/movie/bi/mi/basic.nhn?code=187161
20192982,https://movie.naver.com/movie/bi/mi/basic.nhn?code=159887
20184572,https://movie.naver.com/movie/bi/mi/basic.nhn?code=96951
20195968,https://movie.naver.com/movie/bi/mi/basic.nhn?code=183994
20193807,https://movie.naver.com/movie/bi/mi/basic.nhn?code=183110
20195203,https://movie.naver.com/movie/bi/mi/basic.nhn?code=144787
20187322,https://movie.naver.com/movie/bi/mi/basic.nhn?code=175316
20193821,https://movie.naver.com/movie/bi/mi/basic.nhn?code=187366
20192804,https://movie.naver.com/movie/bi/mi/basic.nhn?code=167560
20181103,https://movie.naver.com/movie/bi/mi/basic.nhn?code=179307
20184621,https://movie.naver.com/movie/bi/mi/basic.nhn?code=174903
20194943,https://movie.naver.com/movie/bi/mi/basic.nhn?code=188153
20194045,https://movie.naver.com/movie/bi/mi/basic.nhn?code=185913
20181416,https://movie.naver.com/movie/bi/mi/basic.nhn?code=179158
20184543,https://movie.naver.com/movie/bi/mi/basic.nhn?code=180351
20196850,https://movie.naver.com/movie/bi/mi/basic.nhn?code=182355
20194541,https://movie.naver.com/movie/bi/mi/basic.nhn?code=181700
20184462,https://movie.naver.com/movie/bi/mi/basic.nhn?code=178526
20185985,https://movie.naver.com/movie/bi/mi/basic.nhn?code=167653
20194384,https://movie.naver.com/movie/bi/mi/basic.nhn?code=183666
20171021,https://movie.naver.com/movie/bi/mi/basic.nhn?code=140656
20191604,https://movie.naver.com/movie/bi/mi/basic.nhn?code=181694
20182241,https://movie.naver.com/movie/bi/mi/basic.nhn?code=154672
20198323,https://movie.naver.com/movie/bi/mi/basic.nhn?code=164907
20183844,https://movie.naver.com/movie/bi/mi/basic.nhn?code=180374
20188404,https://movie.naver.com/movie/bi/mi/basic.nhn?code=177510
20187959,https://movie.naver.com/movie/bi/mi/basic.nhn?code=168086
20180442,https://movie.naver.com/movie/bi/mi/basic.nhn?code=178544
20183867,https://movie.naver.com/movie/bi/mi/basic.nhn?code=163788
20193275,https://movie.naver.com/movie/bi/mi/basic.nhn?code=187051
20191741,https://movie.naver.com/movie/bi/mi/basic.nhn?code=167599
20175771,https://movie.naver.com/movie/bi/mi/basic.nhn?code=169637
20190741,https://movie.naver.com/movie/bi/mi/basic.nhn?code=185131
20196309,https://movie.naver.com/movie/bi/mi/basic.nhn?code=173123
20182490,https://movie.naver.com/movie/bi/mi/basic.nhn?code=173668
20183782,https://movie.naver.com/movie/bi/mi/basic.nhn?code=161967
20192725,https://movie.naver.com/movie/bi/mi/basic.nhn?code=182001
20190002,https://movie.naver.com/movie/bi/mi/basic.nhn?code=168092
20184047,https://movie.naver.com/movie/bi/mi/basic.nhn?code=101966
20190273,https://movie.naver.com/movie/bi/mi/basic.nhn?code=183836
20192222,https://movie.naver.com/movie/bi/mi/basic.nhn?code=179973
20185986,https://movie.naver.com/movie/bi/mi/basic.nhn?code=174834
20191601,https://movie.naver.com/movie/bi/mi/basic.nhn?code=183783
20185353,https://movie.naver.com/movie/bi/mi/basic.nhn?code=180209
20192151,https://movie.naver.com/movie/bi/mi/basic.nhn?code=182014
20199951,https://movie.naver.com/movie/bi/mi/basic.nhn?code=183850
20196655,https://movie.naver.com/movie/bi/mi/basic.nhn?code=181698
20198453,https://movie.naver.com/movie/bi/mi/basic.nhn?code=179125
20192591,https://movie.naver.com/movie/bi/mi/basic.nhn?code=183666
20192689,https://movie.naver.com/movie/bi/mi/basic.nhn?code=186259
20182585,https://movie.naver.com/movie/bi/mi/basic.nhn?code=179875
20192022,https://movie.naver.com/movie/bi/mi/basic.nhn?code=167633
20184889,https://movie.naver.com/movie/bi/mi/basic.nhn?code=136900
20196657,https://movie.naver.com/movie/bi/mi/basic.nhn?code=97631
20190885,https://movie.naver.com/movie/bi/mi/basic.nhn?code=183820
19880001,https://movie.naver.com/movie/bi/mi/basic.nhn?code=18781
20190466,https://movie.naver.com/movie/bi/mi/basic.nhn?code=137865
20182387,https://movie.naver.com/movie/bi/mi/basic.nhn?code=164125
20191401,https://movie.naver.com/movie/bi/mi/basic.nhn?code=167053
20198291,https://movie.naver.com/movie/bi/mi/basic.nhn?code=181704
20199063,https://movie.naver.com/movie/bi/mi/basic.nhn?code=183870
20188941,https://movie.naver.com/movie/bi/mi/basic.nhn?code=177967
20184865,https://movie.naver.com/movie/bi/mi/basic.nhn?code=137327
20188144,https://movie.naver.com/movie/bi/mi/basic.nhn?code=177371
20184082,https://movie.naver.com/movie/bi/mi/basic.nhn?code=186899
20192001,https://movie.naver.com/movie/bi/mi/basic.nhn?code=185479
20198597,https://movie.naver.com/movie/bi/mi/basic.nhn?code=183132
20199448,https://movie.naver.com/movie/bi/mi/basic.nhn?code=180169
20199822,https://movie.naver.com/movie/bi/mi/basic.nhn?code=181701
20187981,https://movie.naver.com/movie/bi/mi/basic.nhn?code=190001
20198598,https://movie.naver.com/movie/bi/mi/basic.nhn?code=167657
20190261,https://movie.naver.com/movie/bi/mi/basic.nhn?code=184605
20185784,https://movie.naver.com/movie/bi/mi/basic.nhn?code=175366
20198183,https://movie.naver.com/movie/bi/mi/basic.nhn?code=183136
20197503,https://movie.naver.com/movie/bi/mi/basic.nhn?code=151550
20185384,https://movie.naver.com/movie/bi/mi/basic.nhn?code=165022
20199923,https://movie.naver.com/movie/bi/mi/basic.nhn?code=159863
20199949,https://movie.naver.com/movie/bi/mi/basic.nhn?code=171470
20199623,https://movie.naver.com/movie/bi/mi/basic.nhn?code=174321
20197147,https://movie.naver.com/movie/bi/mi/basic.nhn?code=182012
20060347,https://movie.naver.com/movie/bi/mi/basic.nhn?code=49336
20199736,https://movie.naver.com/movie/bi/mi/basic.nhn?code=184253
20199189,https://movie.naver.com/movie/bi/mi/basic.nhn?code=147045
20181877,https://movie.naver.com/movie/bi/mi/basic.nhn?code=132623
20169323,https://movie.naver.com/movie/bi/mi/basic.nhn?code=148863
20183096,https://movie.naver.com/movie/bi/mi/basic.nhn?code=188525
20183454,https://movie.naver.com/movie/bi/mi/basic.nhn?code=180399
19990220,https://movie.naver.com/movie/bi/mi/basic.nhn?code=24830
20180825,https://movie.naver.com/movie/bi/mi/basic.nhn?code=171785
20198982,https://movie.naver.com/movie/bi/mi/basic.nhn?code=159845
20198104,https://movie.naver.com/movie/bi/mi/basic.nhn?code=190433
20185406,https://movie.naver.com/movie/bi/mi/basic.nhn?code=164200
20176103,https://movie.naver.com/movie/bi/mi/basic.nhn?code=185267
20182501,https://movie.naver.com/movie/bi/mi/basic.nhn?code=173667
20196244,https://movie.naver.com/movie/bi/mi/basic.nhn?code=140649
20197423,https://movie.naver.com/movie/bi/mi/basic.nhn?code=181419
20185352,https://movie.naver.com/movie/bi/mi/basic.nhn?code=181414
20198844,https://movie.naver.com/movie/bi/mi/basic.nhn?code=183063
20198403,https://movie.naver.com/movie/bi/mi/basic.nhn?code=181912
20183773,https://movie.naver.com/movie/bi/mi/basic.nhn?code=180381
20196025,https://movie.naver.com/movie/bi/mi/basic.nhn?code=163787
20197092,https://movie.naver.com/movie/bi/mi/basic.nhn?code=182348
20198146,https://movie.naver.com/movie/bi/mi/basic.nhn?code=171533
20198023,https://movie.naver.com/movie/bi/mi/basic.nhn?code=148000
20197846,https://movie.naver.com/movie/bi/mi/basic.nhn?code=153580
20166301,https://movie.naver.com/movie/bi/mi/basic.nhn?code=152624
20197987,https://movie.naver.com/movie/bi/mi/basic.nhn?code=172448
20175407,https://movie.naver.com/movie/bi/mi/basic.nhn?code=161984
20197283,https://movie.naver.com/movie/bi/mi/basic.nhn?code=180425
20197617,https://movie.naver.com/movie/bi/mi/basic.nhn?code=149022
20198603,https://movie.naver.com/movie/bi/mi/basic.nhn?code=169263
20197356,https://movie.naver.com/movie/bi/mi/basic.nhn?code=179974
20184574,https://movie.naver.com/movie/bi/mi/basic.nhn?code=171539
20196601,https://movie.naver.com/movie/bi/mi/basic.nhn?code=182360
20182530,https://movie.naver.com/movie/bi/mi/basic.nhn?code=167651
20185881,https://movie.naver.com/movie/bi/mi/basic.nhn?code=177374
20196723,https://movie.naver.com/movie/bi/mi/basic.nhn?code=182206
20177539,https://movie.naver.com/movie/bi/mi/basic.nhn?code=167099
20177282,https://movie.naver.com/movie/bi/mi/basic.nhn?code=170953
20180937,https://movie.naver.com/movie/bi/mi/basic.nhn?code=148909
20195743,https://movie.naver.com/movie/bi/mi/basic.nhn?code=181959
20196323,https://movie.naver.com/movie/bi/mi/basic.nhn?code=190784
20176442,https://movie.naver.com/movie/bi/mi/basic.nhn?code=159070
20186261,https://movie.naver.com/movie/bi/mi/basic.nhn?code=109193
20195791,https://movie.naver.com/movie/bi/mi/basic.nhn?code=167629
20188282,https://movie.naver.com/movie/bi/mi/basic.nhn?code=66728
20020222,https://movie.naver.com/movie/bi/mi/basic.nhn?code=33930
20185576,https://movie.naver.com/movie/bi/mi/basic.nhn?code=181409
20195915,https://movie.naver.com/movie/bi/mi/basic.nhn?code=181411
20184888,https://movie.naver.com/movie/bi/mi/basic.nhn?code=151151
20174169,https://movie.naver.com/movie/bi/mi/basic.nhn?code=169078
20162003,https://movie.naver.com/movie/bi/mi/basic.nhn?code=48233
20185478,https://movie.naver.com/movie/bi/mi/basic.nhn?code=181554
20195984,https://movie.naver.com/movie/bi/mi/basic.nhn?code=180687
20180868,https://movie.naver.com/movie/bi/mi/basic.nhn?code=164173
20185444,https://movie.naver.com/movie/bi/mi/basic.nhn?code=125438
20185124,https://movie.naver.com/movie/bi/mi/basic.nhn?code=180220
20184105,https://movie.naver.com/movie/bi/mi/basic.nhn?code=167699
20184896,https://movie.naver.com/movie/bi/mi/basic.nhn?code=174830
20176251,https://movie.naver.com/movie/bi/mi/basic.nhn?code=164172
20189463,https://movie.naver.com/movie/bi/mi/basic.nhn?code=152632
20182544,https://movie.naver.com/movie/bi/mi/basic.nhn?code=189868
20186324,https://movie.naver.com/movie/bi/mi/basic.nhn?code=144318
20189385,https://movie.naver.com/movie/bi/mi/basic.nhn?code=168056
20183915,https://movie.naver.com/movie/bi/mi/basic.nhn?code=180372
20182588,https://movie.naver.com/movie/bi/mi/basic.nhn?code=172137
20182044,https://movie.naver.com/movie/bi/mi/basic.nhn?code=149278
20185485,https://movie.naver.com/movie/bi/mi/basic.nhn?code=156464
20180290,https://movie.naver.com/movie/bi/mi/basic.nhn?code=187339
20186281,https://movie.naver.com/movie/bi/mi/basic.nhn?code=164139
20170658,https://movie.naver.com/movie/bi/mi/basic.nhn?code=166092
20187427,https://movie.naver.com/movie/bi/mi/basic.nhn?code=173019
20184187,https://movie.naver.com/movie/bi/mi/basic.nhn?code=187444
20175547,https://movie.naver.com/movie/bi/mi/basic.nhn?code=164101
20183785,https://movie.naver.com/movie/bi/mi/basic.nhn?code=180379
20183479,https://movie.naver.com/movie/bi/mi/basic.nhn?code=172975
20168773,https://movie.naver.com/movie/bi/mi/basic.nhn?code=157297
20182421,https://movie.naver.com/movie/bi/mi/basic.nhn?code=150688
20183238,https://movie.naver.com/movie/bi/mi/basic.nhn?code=171725
20183375,https://movie.naver.com/movie/bi/mi/basic.nhn?code=172187
20177552,https://movie.naver.com/movie/bi/mi/basic.nhn?code=164192
20189843,https://movie.naver.com/movie/bi/mi/basic.nhn?code=158622
20179230,https://movie.naver.com/movie/bi/mi/basic.nhn?code=171755
20182082,https://movie.naver.com/movie/bi/mi/basic.nhn?code=171452
20183745,https://movie.naver.com/movie/bi/mi/basic.nhn?code=180384
20183685,https://movie.naver.com/movie/bi/mi/basic.nhn?code=169642
20177538,https://movie.naver.com/movie/bi/mi/basic.nhn?code=188710
20178825,https://movie.naver.com/movie/bi/mi/basic.nhn?code=156496
20184481,https://movie.naver.com/movie/bi/mi/basic.nhn?code=174835
20183650,https://movie.naver.com/movie/bi/mi/basic.nhn?code=179683
20183288,https://movie.naver.com/movie/bi/mi/basic.nhn?code=92125
